atomic_number,symbol,first_ionization_energy_eV,electron_affinity_eV,ie1_source_state,ea_source_state
1,H,13.598443,0.754518830976,tabulated,tabulated
2,He,24.587387,0,tabulated,tabulated
3,Li,5.391719,0.617710471513,tabulated,tabulated
4,Be,9.3227,0,tabulated,tabulated
5,B,8.29802,0.276725999822,tabulated,tabulated
6,C,11.2603,1.5950611001,tabulated,tabulated
7,N,14.5341,0.0725498875938,tabulated,tabulated
8,O,13.61805,1.46136202153,tabulated,tabulated
9,F,17.4228,3.39948044725,tabulated,tabulated
10,Ne,21.56454,0,tabulated,tabulated
11,Na,5.139076,0.547233437851,tabulated,tabulated
12,Mg,7.646235,0,tabulated,tabulated
13,Al,5.985768,0.440481460391,tabulated,tabulated
14,Si,8.15168,1.38466642608,tabulated,tabulated
15,P,10.48669,0.746227415251,tabulated,tabulated
16,S,10.36001,2.07285393125,tabulated,tabulated
17,Cl,12.96763,3.61713011004,tabulated,tabulated
18,Ar,15.75961,0,tabulated,tabulated
19,K,4.3406633,0.501630651363,tabulated,tabulated
20,Ca,6.11316,0.0245633190853,tabulated,tabulated
21,Sc,6.56149,0.187593280778,tabulated,tabulated
22,Ti,6.82812,0.0787684493876,tabulated,tabulated
23,V,6.74619,0.524432044607,tabulated,tabulated
24,Cr,6.76651,0.666422538898,tabulated,tabulated
25,Mn,7.43402,0,tabulated,tabulated
26,Fe,7.9024,0.162719033603,tabulated,tabulated
27,Co,7.88101,0.660203977104,tabulated,tabulated
28,Ni,7.6398,1.1607982015,tabulated,tabulated
29,Cu,7.72638,1.2271295273,tabulated,tabulated
30,Zn,9.394199,0,tabulated,tabulated
31,Ga,5.999301,0.299527393066,tabulated,tabulated
32,Ge,7.89943,1.2333480891,tabulated,tabulated
33,As,9.7886,0.808413033188,tabulated,tabulated
34,Se,9.75239,2.02103258297,tabulated,tabulated
35,Br,11.8138,3.36424193042,tabulated,tabulated
36,Kr,13.99961,0,tabulated,tabulated
37,Rb,4.177128,0.486084246879,tabulated,tabulated
38,Sr,5.69485,0.052132276371,tabulated,tabulated
39,Y,6.2173,0.306782381825,tabulated,tabulated
40,Zr,6.6339,0.425971482872,tabulated,tabulated
41,Nb,6.75885,0.892363617404,tabulated,tabulated
42,Mo,7.09243,0.745190988285,tabulated,tabulated
43,Tc,7.28,0.549306291782,tabulated,tabulated
44,Ru,7.3605,1.04990051618,tabulated,tabulated
45,Rh,7.4589,1.13696038129,tabulated,tabulated
46,Pd,8.3369,0.556561280541,tabulated,tabulated
47,Ag,7.57623,1.30175226883,tabulated,tabulated
48,Cd,8.99382,0,tabulated,tabulated
49,In,5.78636,0.299527393066,tabulated,tabulated
50,Sn,7.34392,1.11208613412,tabulated,tabulated
51,Sb,8.60839,1.06959262853,tabulated,tabulated
52,Te,9.0096,1.97128408862,tabulated,tabulated
53,I,10.45126,3.05953240253,tabulated,tabulated
54,Xe,12.12984,0,tabulated,tabulated
55,Cs,3.893905,0.47157426936,tabulated,tabulated
56,Ba,5.211664,0.144581561705,tabulated,tabulated
57,La,5.5769,0.497484943501,tabulated,tabulated
58,Ce,5.5387,0.518213482813,tabulated,tabulated
59,Pr,5.473,0.518213482813,tabulated,tabulated
60,Nd,5.525,0.518213482813,tabulated,tabulated
61,Pm,5.582,0.518213482813,tabulated,tabulated
62,Sm,5.6437,0.518213482813,tabulated,tabulated
63,Eu,5.67038,0.518213482813,tabulated,tabulated
64,Gd,6.1498,0.518213482813,tabulated,tabulated
65,Tb,5.8638,0.518213482813,tabulated,tabulated
66,Dy,5.9389,0.518213482813,tabulated,tabulated
67,Ho,6.0215,0.518213482813,tabulated,tabulated
68,Er,6.1077,0.518213482813,tabulated,tabulated
69,Tm,6.18431,0.518213482813,tabulated,tabulated
70,Yb,6.25416,0.518213482813,tabulated,tabulated
71,Lu,5.42586,0.518213482813,tabulated,tabulated
72,Hf,6.82507,0,tabulated,tabulated
73,Ta,7.54957,0.321292359344,tabulated,tabulated
74,W,7.86403,0.814631594982,tabulated,tabulated
75,Re,7.83352,0.150281910016,tabulated,tabulated
76,Os,8.43823,1.09964901053,tabulated,tabulated
77,Ir,8.96702,1.5650047181,tabulated,tabulated
78,Pt,8.9588,2.12778456043,tabulated,tabulated
79,Au,9.22553,2.30915927942,tabulated,tabulated
80,Hg,10.4375,0,tabulated,tabulated
81,Tl,6.108194,0.1989939774,tabulated,tabulated
82,Pb,7.41663,0.363785864935,tabulated,tabulated
83,Bi,7.2855,0.945221392651,tabulated,tabulated
84,Po,8.414,1.89977062799,tabulated,tabulated
85,At,,2.79938923416,not_available,tabulated
86,Rn,10.7485,0,tabulated,tabulated
87,Fr,4.072741,,tabulated,not_available
88,Ra,5.278423,,tabulated,not_available
89,Ac,5.17,,tabulated,not_available
90,Th,6.3067,,tabulated,unknown
91,Pa,5.89,,tabulated,unknown
92,U,6.1941,,tabulated,unknown
93,Np,6.2657,,tabulated,unknown
94,Pu,6.026,,tabulated,unknown
95,Am,5.9738,,tabulated,unknown
96,Cm,5.9914,,tabulated,unknown
97,Bk,6.1979,,tabulated,not_available
98,Cf,6.2817,,tabulated,not_available
99,Es,6.42,,tabulated,not_available
100,Fm,6.5,,tabulated,not_available
101,Md,6.58,,tabulated,not_available
102,No,6.65,,tabulated,not_available
103,Lr,4.9,,tabulated,not_available
104,Rf,6.0,,tabulated,not_available
105,Db,,,unknown,not_available
106,Sg,,,unknown,not_available
107,Bh,,,unknown,not_available
108,Hs,,,unknown,not_available
109,Mt,,,unknown,not_available
110,Ds,,,unknown,unknown
111,Rg,,,unknown,not_available
112,Cn,,,unknown,not_available
113,Nh,,,unknown,unknown
114,Fl,,,unknown,unknown
115,Mc,,,unknown,unknown
116,Lv,,,unknown,unknown
117,Ts,,,unknown,unknown
118,Og,,,unknown,unknown
